race_url,race
https://www.milesplit.com/meets/364726-2019-iaaf-world-championships-2019/results/669611/formatted/,Day 1 Men's 400m Hurdles Prelims
https://www.milesplit.com/meets/364726-2019-iaaf-world-championships-2019/results/669610/formatted/,Day 1 Men's 5000 Meters Prelims
https://www.milesplit.com/meets/364726-2019-iaaf-world-championships-2019/results/669609/formatted/,Day 1 Men's Triple Jump Prelims
https://www.milesplit.com/meets/364726-2019-iaaf-world-championships-2019/results/669603/formatted/,Day 1 Mens 100m Heats
https://www.milesplit.com/meets/364726-2019-iaaf-world-championships-2019/results/669597/formatted/,Day 1 Mens 100m Qualifying
https://www.milesplit.com/meets/364726-2019-iaaf-world-championships-2019/results/669595/formatted/,Day 1 Mens Long Jump Prelims
https://www.milesplit.com/meets/364726-2019-iaaf-world-championships-2019/results/669600/formatted/,Day 1 Women 800m Prelims
https://www.milesplit.com/meets/364726-2019-iaaf-world-championships-2019/results/669605/formatted/,Day 1 Women High Jump Prelims
https://www.milesplit.com/meets/364726-2019-iaaf-world-championships-2019/results/669602/formatted/,Day 1 Women Pole Vault Prelims
https://www.milesplit.com/meets/364726-2019-iaaf-world-championships-2019/results/669598/formatted/,Day 1 Women's Hammer Throw Preli
https://www.milesplit.com/meets/364726-2019-iaaf-world-championships-2019/results/669613/formatted/,Day 1 Women's Marathon
https://www.milesplit.com/meets/364726-2019-iaaf-world-championships-2019/results/669608/formatted/,Day 1 Women's Steeplechase Preli
https://www.milesplit.com/meets/364726-2019-iaaf-world-championships-2019/results/670617/formatted/,Day 2 Men's 100m Final
https://www.milesplit.com/meets/364726-2019-iaaf-world-championships-2019/results/670610/formatted/,Day 2 Men's 100m Semis
https://www.milesplit.com/meets/364726-2019-iaaf-world-championships-2019/results/670609/formatted/,Day 2 Men's 400m Hurdles Semis
https://www.milesplit.com/meets/364726-2019-iaaf-world-championships-2019/results/670618/formatted/,Day 2 Men's 50km Racewalk Final
https://www.milesplit.com/meets/364726-2019-iaaf-world-championships-2019/results/670607/formatted/,Day 2 Men's 800m Prelims
https://www.milesplit.com/meets/364726-2019-iaaf-world-championships-2019/results/670614/formatted/,Day 2 Men's Long Jump Final
https://www.milesplit.com/meets/364726-2019-iaaf-world-championships-2019/results/670608/formatted/,Day 2 Men's Pole Vault Prelims
https://www.milesplit.com/meets/364726-2019-iaaf-world-championships-2019/results/670578/formatted/,Day 2 Mens Discus Prelims
https://www.milesplit.com/meets/364726-2019-iaaf-world-championships-2019/results/670613/formatted/,Day 2 Mixed 4x400m Prelims
https://www.milesplit.com/meets/364726-2019-iaaf-world-championships-2019/results/670616/formatted/,Day 2 Women's 10000m Final
https://www.milesplit.com/meets/364726-2019-iaaf-world-championships-2019/results/670605/formatted/,Day 2 Women's 100m Prelims
https://www.milesplit.com/meets/364726-2019-iaaf-world-championships-2019/results/670619/formatted/,Day 2 Women's 50km Racewalk Fina
https://www.milesplit.com/meets/364726-2019-iaaf-world-championships-2019/results/670611/formatted/,Day 2 Women's 800m Semis
https://www.milesplit.com/meets/364726-2019-iaaf-world-championships-2019/results/670612/formatted/,Day 2 Women's Hammer Final
https://www.milesplit.com/meets/364726-2019-iaaf-world-championships-2019/results/670621/formatted/,Day 3 Men's 200m Prelims
https://www.milesplit.com/meets/364726-2019-iaaf-world-championships-2019/results/670623/formatted/,Day 3 Men's 800m Semifinal
https://www.milesplit.com/meets/364726-2019-iaaf-world-championships-2019/results/670622/formatted/,Day 3 Men's Triple Jump Final
https://www.milesplit.com/meets/364726-2019-iaaf-world-championships-2019/results/670624/formatted/,Day 3 Mixed 4x400m Relay Final
https://www.milesplit.com/meets/364726-2019-iaaf-world-championships-2019/results/670600/formatted/,Day 3 Women's 100m Final
https://www.milesplit.com/meets/364726-2019-iaaf-world-championships-2019/results/670579/formatted/,Day 3 Women's 100m Semis
https://www.milesplit.com/meets/364726-2019-iaaf-world-championships-2019/results/670625/formatted/,Day 3 Women's 20km Racewalk Fina
https://www.milesplit.com/meets/364726-2019-iaaf-world-championships-2019/results/670620/formatted/,Day 3 Women's Pole Vault Final
https://www.milesplit.com/meets/364726-2019-iaaf-world-championships-2019/results/670633/formatted/,Day 4 Men's 110m Hurdles Prelims
https://www.milesplit.com/meets/364726-2019-iaaf-world-championships-2019/results/670635/formatted/,Day 4 Men's 200m Semis
https://www.milesplit.com/meets/364726-2019-iaaf-world-championships-2019/results/670640/formatted/,Day 4 Men's 400m Hurdles Final
https://www.milesplit.com/meets/364726-2019-iaaf-world-championships-2019/results/670637/formatted/,Day 4 Men's 5000m Final
https://www.milesplit.com/meets/364726-2019-iaaf-world-championships-2019/results/670636/formatted/,Day 4 Men's Discus Final
https://www.milesplit.com/meets/364726-2019-iaaf-world-championships-2019/results/670631/formatted/,Day 4 Women's 200m Prelim
https://www.milesplit.com/meets/364726-2019-iaaf-world-championships-2019/results/670638/formatted/,Day 4 Women's 3000m Steeplechase
https://www.milesplit.com/meets/364726-2019-iaaf-world-championships-2019/results/670632/formatted/,Day 4 Women's 400m Prelims
https://www.milesplit.com/meets/364726-2019-iaaf-world-championships-2019/results/670639/formatted/,Day 4 Women's 800m Final
https://www.milesplit.com/meets/364726-2019-iaaf-world-championships-2019/results/670634/formatted/,Day 4 Women's High Jump Final
https://www.milesplit.com/meets/364726-2019-iaaf-world-championships-2019/results/670630/formatted/,Day 4 Women's Javelin Prelims
https://ca.milesplit.com/meets/365310-riverside-showcase-2019/results/661674/formatted/,Boys F/S
https://ca.milesplit.com/meets/365310-riverside-showcase-2019/results/661685/formatted/,Boys JV
https://ca.milesplit.com/meets/365310-riverside-showcase-2019/results/661678/formatted/,Boys Varsity
https://ca.milesplit.com/meets/365310-riverside-showcase-2019/results/661676/formatted/,Girls F/S
https://ca.milesplit.com/meets/365310-riverside-showcase-2019/results/661682/formatted/,Girls JV
https://ca.milesplit.com/meets/365310-riverside-showcase-2019/results/661680/formatted/,Girls Varsity
https://ca.milesplit.com/meets/365305-great-cow-run-2019/results/662051/formatted/,Boys Freshmen
https://ca.milesplit.com/meets/365305-great-cow-run-2019/results/662057/formatted/,Boys JV
https://ca.milesplit.com/meets/365305-great-cow-run-2019/results/662049/formatted/,Boys Open Results
https://ca.milesplit.com/meets/365305-great-cow-run-2019/results/662055/formatted/,Boys Sophomore
https://ca.milesplit.com/meets/365305-great-cow-run-2019/results/662053/formatted/,Boys Varsity
https://ca.milesplit.com/meets/365305-great-cow-run-2019/results/662052/formatted/,Girls Freshmen
https://ca.milesplit.com/meets/365305-great-cow-run-2019/results/662058/formatted/,Girls JV
https://ca.milesplit.com/meets/365305-great-cow-run-2019/results/662050/formatted/,Girls Open Results
https://ca.milesplit.com/meets/365305-great-cow-run-2019/results/662056/formatted/,Girls Sophomore
https://ca.milesplit.com/meets/365305-great-cow-run-2019/results/662054/formatted/,Girls Varsity
https://www.milesplit.com/meets/362558-team-cross-country-nationals-2019/results/681923/formatted/,Boys Championship
https://www.milesplit.com/meets/362558-team-cross-country-nationals-2019/results/681998/formatted/,Boys Team Scores
https://www.milesplit.com/meets/362558-team-cross-country-nationals-2019/results/681847/formatted/,Community Race
https://www.milesplit.com/meets/362558-team-cross-country-nationals-2019/results/681922/formatted/,Girls Championship
https://www.milesplit.com/meets/362558-team-cross-country-nationals-2019/results/681999/formatted/,Girls Team Scores
https://tn.milesplit.com/meets/376021-aau-national-championships-2019/results/681804/formatted/,Boys 11-12
https://tn.milesplit.com/meets/376021-aau-national-championships-2019/results/681747/formatted/,Boys 13-14
https://tn.milesplit.com/meets/376021-aau-national-championships-2019/results/681744/formatted/,Boys 15-18
https://tn.milesplit.com/meets/376021-aau-national-championships-2019/results/681810/formatted/,Boys 6 & Under
https://tn.milesplit.com/meets/376021-aau-national-championships-2019/results/681808/formatted/,Boys 7-8
https://tn.milesplit.com/meets/376021-aau-national-championships-2019/results/681806/formatted/,Boys 9-10
https://tn.milesplit.com/meets/376021-aau-national-championships-2019/results/681803/formatted/,Girls 11-12
https://tn.milesplit.com/meets/376021-aau-national-championships-2019/results/681746/formatted/,Girls 13-14
https://tn.milesplit.com/meets/376021-aau-national-championships-2019/results/681743/formatted/,Girls 15-18
https://tn.milesplit.com/meets/376021-aau-national-championships-2019/results/681809/formatted/,Girls 6 & Under
https://tn.milesplit.com/meets/376021-aau-national-championships-2019/results/681807/formatted/,Girls 7-8
https://tn.milesplit.com/meets/376021-aau-national-championships-2019/results/681805/formatted/,Girls 9-10
https://ca.milesplit.com/meets/362827-foot-locker-west-regional-2019/results/681802/formatted/,*Boys Championship
https://ca.milesplit.com/meets/362827-foot-locker-west-regional-2019/results/681788/formatted/,*Girls Championship
https://ca.milesplit.com/meets/362827-foot-locker-west-regional-2019/results/681769/formatted/,Boys Freshman
https://ca.milesplit.com/meets/362827-foot-locker-west-regional-2019/results/681785/formatted/,Boys Junior
https://ca.milesplit.com/meets/362827-foot-locker-west-regional-2019/results/681787/formatted/,Boys Senior
https://ca.milesplit.com/meets/362827-foot-locker-west-regional-2019/results/681783/formatted/,Boys Sophomore
https://ca.milesplit.com/meets/362827-foot-locker-west-regional-2019/results/681768/formatted/,Girls Freshman
https://ca.milesplit.com/meets/362827-foot-locker-west-regional-2019/results/681784/formatted/,Girls Junior
https://ca.milesplit.com/meets/362827-foot-locker-west-regional-2019/results/681786/formatted/,Girls Senior
https://ca.milesplit.com/meets/362827-foot-locker-west-regional-2019/results/681782/formatted/,Girls Sophomore
https://ca.milesplit.com/meets/362827-foot-locker-west-regional-2019/results/681761/formatted/,Mens Open
https://ca.milesplit.com/meets/362827-foot-locker-west-regional-2019/results/681759/formatted/,Womens Open
https://ca.milesplit.com/meets/373895-pcal-championship-2019/results/680965/formatted/,Cypress Results
https://ca.milesplit.com/meets/373895-pcal-championship-2019/results/680967/formatted/,Gabilan Results
https://ca.milesplit.com/meets/373895-pcal-championship-2019/results/680963/formatted/,Mission Results
https://ca.milesplit.com/meets/373895-pcal-championship-2019/results/680966/formatted/,Santa Lucia Results
https://ca.milesplit.com/meets/365408-apache-invitational-2019/results/680272/formatted/,Gold Results
https://ca.milesplit.com/meets/365408-apache-invitational-2019/results/680271/formatted/,Jade Results
https://ca.milesplit.com/meets/365408-apache-invitational-2019/results/680270/formatted/,Sky Blue Results
https://ca.milesplit.com/meets/365408-apache-invitational-2019/results/680023/formatted/,Sweepstakes Results
https://www.milesplit.com/meets/362559-foot-locker-national-championship-2019/results/682228/formatted/,Boys Results
https://www.milesplit.com/meets/362559-foot-locker-national-championship-2019/results/682229/formatted/,Girls Results
https://www.milesplit.com/meets/372792-usatf-national-junior-olympics-xc-championships-2019/results/682272/formatted/,Boys 11-12
https://www.milesplit.com/meets/372792-usatf-national-junior-olympics-xc-championships-2019/results/682270/formatted/,Boys 13-14
https://www.milesplit.com/meets/372792-usatf-national-junior-olympics-xc-championships-2019/results/682280/formatted/,Boys 15-16
https://www.milesplit.com/meets/372792-usatf-national-junior-olympics-xc-championships-2019/results/682279/formatted/,Boys 17-18
https://www.milesplit.com/meets/372792-usatf-national-junior-olympics-xc-championships-2019/results/682223/formatted/,Boys 8 & Under
https://www.milesplit.com/meets/372792-usatf-national-junior-olympics-xc-championships-2019/results/682221/formatted/,Boys 9-10
https://www.milesplit.com/meets/372792-usatf-national-junior-olympics-xc-championships-2019/results/682273/formatted/,Girls 11-12
https://www.milesplit.com/meets/372792-usatf-national-junior-olympics-xc-championships-2019/results/682271/formatted/,Girls 13-14
https://www.milesplit.com/meets/372792-usatf-national-junior-olympics-xc-championships-2019/results/682282/formatted/,Girls 15-16
https://www.milesplit.com/meets/372792-usatf-national-junior-olympics-xc-championships-2019/results/682281/formatted/,Girls 17-18
https://www.milesplit.com/meets/372792-usatf-national-junior-olympics-xc-championships-2019/results/682224/formatted/,Girls 8 & Under
https://www.milesplit.com/meets/372792-usatf-national-junior-olympics-xc-championships-2019/results/682222/formatted/,Girls 9-10
https://ca.milesplit.com/meets/374178-camino-del-rey-league-final-2019/results/680416/formatted/,Camino Real Results
https://ca.milesplit.com/meets/374178-camino-del-rey-league-final-2019/results/680415/formatted/,Del Rey Results
https://ca.milesplit.com/meets/374178-camino-del-rey-league-final-2019/results/680414/formatted/,Santa Fe Results
https://ca.milesplit.com/meets/365551-nal-championships-2019/results/680484/formatted/,Complete Results
https://ca.milesplit.com/meets/365551-nal-championships-2019/results/680485/formatted/,Complete Results
https://ca.milesplit.com/meets/365472-cif-sac-joaquin-subsectional-2019/results/680869/formatted/,D1 Results
https://ca.milesplit.com/meets/365472-cif-sac-joaquin-subsectional-2019/results/680870/formatted/,D1/D2 JV Results
https://ca.milesplit.com/meets/365472-cif-sac-joaquin-subsectional-2019/results/680871/formatted/,D2 Results
https://ca.milesplit.com/meets/365472-cif-sac-joaquin-subsectional-2019/results/680873/formatted/,D3 Results
https://ca.milesplit.com/meets/365472-cif-sac-joaquin-subsectional-2019/results/680874/formatted/,D3/4/5 JV Results
https://ca.milesplit.com/meets/365472-cif-sac-joaquin-subsectional-2019/results/680876/formatted/,D4 Results
https://ca.milesplit.com/meets/365472-cif-sac-joaquin-subsectional-2019/results/680877/formatted/,D5 Results
https://ca.milesplit.com/meets/365560-elysian-park-finals-2019/results/680534/formatted/,Central Results
https://ca.milesplit.com/meets/365560-elysian-park-finals-2019/results/680533/formatted/,Eastern Results
https://ca.milesplit.com/meets/365560-elysian-park-finals-2019/results/680527/formatted/,Eastside Results
https://ca.milesplit.com/meets/365560-elysian-park-finals-2019/results/680526/formatted/,Freeway Results
https://ca.milesplit.com/meets/365560-elysian-park-finals-2019/results/680531/formatted/,Galaxy Results
https://ca.milesplit.com/meets/365560-elysian-park-finals-2019/results/680525/formatted/,Novice Results
https://ca.milesplit.com/meets/365560-elysian-park-finals-2019/results/680528/formatted/,Southern Results
https://ca.milesplit.com/meets/374840-north-county-conference-championships-2019/results/681115/formatted/,Avocado East Results
https://ca.milesplit.com/meets/374840-north-county-conference-championships-2019/results/681112/formatted/,Avocado West Results
https://ca.milesplit.com/meets/374840-north-county-conference-championships-2019/results/681111/formatted/,Palomar Results
https://ca.milesplit.com/meets/374840-north-county-conference-championships-2019/results/681114/formatted/,Valley Results
https://ca.milesplit.com/meets/364956-cif-state-cross-country-championships-2019/results/681557/formatted/,Division 1 Boys
https://ca.milesplit.com/meets/364956-cif-state-cross-country-championships-2019/results/681531/formatted/,Division 1 Girls
https://ca.milesplit.com/meets/364956-cif-state-cross-country-championships-2019/results/681510/formatted/,Division 2 Boys
https://ca.milesplit.com/meets/364956-cif-state-cross-country-championships-2019/results/681498/formatted/,Division 2 Girls
https://ca.milesplit.com/meets/364956-cif-state-cross-country-championships-2019/results/681517/formatted/,Division 3 Boys
https://ca.milesplit.com/meets/364956-cif-state-cross-country-championships-2019/results/681501/formatted/,Division 3 Girls
https://ca.milesplit.com/meets/364956-cif-state-cross-country-championships-2019/results/681547/formatted/,Division 4 Boys
https://ca.milesplit.com/meets/364956-cif-state-cross-country-championships-2019/results/681526/formatted/,Division 4 Girls
https://ca.milesplit.com/meets/364956-cif-state-cross-country-championships-2019/results/681527/formatted/,Division 5 Boys
https://ca.milesplit.com/meets/364956-cif-state-cross-country-championships-2019/results/681552/formatted/,Division 5 Girls
https://ca.milesplit.com/meets/364955-cif-central-coast-section-finals-2019/results/681216/formatted/,D1 Boys Results
https://ca.milesplit.com/meets/364955-cif-central-coast-section-finals-2019/results/681221/formatted/,D1 Girls Results
https://ca.milesplit.com/meets/364955-cif-central-coast-section-finals-2019/results/681217/formatted/,D2 Boys Results
https://ca.milesplit.com/meets/364955-cif-central-coast-section-finals-2019/results/681222/formatted/,D2 Girls Results
https://ca.milesplit.com/meets/364955-cif-central-coast-section-finals-2019/results/681218/formatted/,D3 Boys Results
https://ca.milesplit.com/meets/364955-cif-central-coast-section-finals-2019/results/681223/formatted/,D3 Girls Results
https://ca.milesplit.com/meets/364955-cif-central-coast-section-finals-2019/results/681219/formatted/,D4 Boys Results
https://ca.milesplit.com/meets/364955-cif-central-coast-section-finals-2019/results/681224/formatted/,D4 Girls Results
https://ca.milesplit.com/meets/364955-cif-central-coast-section-finals-2019/results/681220/formatted/,D5 Boys Results
https://ca.milesplit.com/meets/364955-cif-central-coast-section-finals-2019/results/681225/formatted/,D5 Girls Results
https://ca.milesplit.com/meets/364954-cif-los-angeles-city-section-prelims-2019/results/681162/formatted/,D1 Boys Race 1 (no times)
https://ca.milesplit.com/meets/364954-cif-los-angeles-city-section-prelims-2019/results/681161/formatted/,D1 Boys Race 2
https://ca.milesplit.com/meets/364954-cif-los-angeles-city-section-prelims-2019/results/681181/formatted/,D1 Girls Race 1
https://ca.milesplit.com/meets/364954-cif-los-angeles-city-section-prelims-2019/results/681171/formatted/,D1 Girls Race 2
https://ca.milesplit.com/meets/364954-cif-los-angeles-city-section-prelims-2019/results/681182/formatted/,D2 Boys Race 1
https://ca.milesplit.com/meets/364954-cif-los-angeles-city-section-prelims-2019/results/681164/formatted/,D2 Boys Race 2
https://ca.milesplit.com/meets/364954-cif-los-angeles-city-section-prelims-2019/results/681172/formatted/,D2 Girls Race 1
https://ca.milesplit.com/meets/364954-cif-los-angeles-city-section-prelims-2019/results/681173/formatted/,D2 Girls Race 2
https://ca.milesplit.com/meets/364954-cif-los-angeles-city-section-prelims-2019/results/681183/formatted/,D3 Boys Race 1 (no times)
https://ca.milesplit.com/meets/364954-cif-los-angeles-city-section-prelims-2019/results/681165/formatted/,D3 Boys Race 2
https://ca.milesplit.com/meets/364954-cif-los-angeles-city-section-prelims-2019/results/681174/formatted/,D3 Girls Race 1
https://ca.milesplit.com/meets/364954-cif-los-angeles-city-section-prelims-2019/results/681175/formatted/,D3 Girls Race 2
https://ca.milesplit.com/meets/364954-cif-los-angeles-city-section-prelims-2019/results/681166/formatted/,D4 Boys Race 1
https://ca.milesplit.com/meets/364954-cif-los-angeles-city-section-prelims-2019/results/681167/formatted/,D4 Boys Race 2
https://ca.milesplit.com/meets/364954-cif-los-angeles-city-section-prelims-2019/results/681176/formatted/,D4 Girls Race 1
https://ca.milesplit.com/meets/364954-cif-los-angeles-city-section-prelims-2019/results/681177/formatted/,D4 Girls Race 2
https://ca.milesplit.com/meets/364954-cif-los-angeles-city-section-prelims-2019/results/681168/formatted/,D5 Boys Race 1
https://ca.milesplit.com/meets/364954-cif-los-angeles-city-section-prelims-2019/results/681169/formatted/,D5 Boys Race 2
https://ca.milesplit.com/meets/364954-cif-los-angeles-city-section-prelims-2019/results/681170/formatted/,D5 Boys Race 3
https://ca.milesplit.com/meets/364954-cif-los-angeles-city-section-prelims-2019/results/681178/formatted/,D5 Girls Race 1
https://ca.milesplit.com/meets/364954-cif-los-angeles-city-section-prelims-2019/results/681179/formatted/,D5 Girls Race 2
https://ca.milesplit.com/meets/364954-cif-los-angeles-city-section-prelims-2019/results/681180/formatted/,D5 Girls Race 3
https://ca.milesplit.com/meets/364949-cif-sac-joaquin-section-finals-2019/results/681118/formatted/,D1 Boys Freshman
https://ca.milesplit.com/meets/364949-cif-sac-joaquin-section-finals-2019/results/681122/formatted/,D1 Boys Sophomore
https://ca.milesplit.com/meets/364949-cif-sac-joaquin-section-finals-2019/results/681126/formatted/,D1 Boys Varsity
https://ca.milesplit.com/meets/364949-cif-sac-joaquin-section-finals-2019/results/681120/formatted/,D1 Girls Frosh/Soph
https://ca.milesplit.com/meets/364949-cif-sac-joaquin-section-finals-2019/results/681124/formatted/,D1 Girls Varsity
https://ca.milesplit.com/meets/364949-cif-sac-joaquin-section-finals-2019/results/681119/formatted/,D2 Boys Freshman
https://ca.milesplit.com/meets/364949-cif-sac-joaquin-section-finals-2019/results/681123/formatted/,D2 Boys Sophomore
https://ca.milesplit.com/meets/364949-cif-sac-joaquin-section-finals-2019/results/681125/formatted/,D2 Boys Varsity
https://ca.milesplit.com/meets/364949-cif-sac-joaquin-section-finals-2019/results/681121/formatted/,D2 Girls Frosh/Soph
https://ca.milesplit.com/meets/364949-cif-sac-joaquin-section-finals-2019/results/681153/formatted/,D2 Girls Varsity
https://ca.milesplit.com/meets/364949-cif-sac-joaquin-section-finals-2019/results/681226/formatted/,D3 Boys Freshman
https://ca.milesplit.com/meets/364949-cif-sac-joaquin-section-finals-2019/results/681228/formatted/,D3 Boys Sophomore
https://ca.milesplit.com/meets/364949-cif-sac-joaquin-section-finals-2019/results/681159/formatted/,D3 Boys Varsity
https://ca.milesplit.com/meets/364949-cif-sac-joaquin-section-finals-2019/results/681227/formatted/,D3 Girls Frosh/Soph
https://ca.milesplit.com/meets/364949-cif-sac-joaquin-section-finals-2019/results/681156/formatted/,D3 Girls Varsity
https://ca.milesplit.com/meets/364949-cif-sac-joaquin-section-finals-2019/results/681229/formatted/,D4 Boys Freshman
https://ca.milesplit.com/meets/364949-cif-sac-joaquin-section-finals-2019/results/681231/formatted/,D4 Boys Sophomore
https://ca.milesplit.com/meets/364949-cif-sac-joaquin-section-finals-2019/results/681157/formatted/,D4 Boys Varsity
https://ca.milesplit.com/meets/364949-cif-sac-joaquin-section-finals-2019/results/681230/formatted/,D4 Girls Frosh/Soph
https://ca.milesplit.com/meets/364949-cif-sac-joaquin-section-finals-2019/results/681256/formatted/,D4 Girls Varsity
https://ca.milesplit.com/meets/364949-cif-sac-joaquin-section-finals-2019/results/681234/formatted/,D5 Boys Freshman
https://ca.milesplit.com/meets/364949-cif-sac-joaquin-section-finals-2019/results/681236/formatted/,D5 Boys Sophomore
https://ca.milesplit.com/meets/364949-cif-sac-joaquin-section-finals-2019/results/681158/formatted/,D5 Boys Varsity
https://ca.milesplit.com/meets/364949-cif-sac-joaquin-section-finals-2019/results/681235/formatted/,D5 Girls Frosh/Soph
https://ca.milesplit.com/meets/364949-cif-sac-joaquin-section-finals-2019/results/681233/formatted/,D5 Girls Varsity
https://ca.milesplit.com/meets/364949-cif-sac-joaquin-section-finals-2019/results/681154/formatted/,JV Boys
https://ca.milesplit.com/meets/364949-cif-sac-joaquin-section-finals-2019/results/681155/formatted/,JV Girls
https://ca.milesplit.com/meets/364951-cif-southern-section-prelims-2019/results/681045/formatted/,D1 Boys Race 1
https://ca.milesplit.com/meets/364951-cif-southern-section-prelims-2019/results/681046/formatted/,D1 Boys Race 2
https://ca.milesplit.com/meets/364951-cif-southern-section-prelims-2019/results/681047/formatted/,D1 Boys Race 3
https://ca.milesplit.com/meets/364951-cif-southern-section-prelims-2019/results/681048/formatted/,D1 Girls Race 1
https://ca.milesplit.com/meets/364951-cif-southern-section-prelims-2019/results/681049/formatted/,D1 Girls Race 2
https://ca.milesplit.com/meets/364951-cif-southern-section-prelims-2019/results/681050/formatted/,D1 Girls Race 3
https://ca.milesplit.com/meets/364951-cif-southern-section-prelims-2019/results/681101/formatted/,D2 Boys Race 1
https://ca.milesplit.com/meets/364951-cif-southern-section-prelims-2019/results/681102/formatted/,D2 Boys Race 2
https://ca.milesplit.com/meets/364951-cif-southern-section-prelims-2019/results/681098/formatted/,D2 Girls Race 1
https://ca.milesplit.com/meets/364951-cif-southern-section-prelims-2019/results/681100/formatted/,D2 Girls Race 2
https://ca.milesplit.com/meets/364951-cif-southern-section-prelims-2019/results/681051/formatted/,D3 Boys Race 1
https://ca.milesplit.com/meets/364951-cif-southern-section-prelims-2019/results/681052/formatted/,D3 Boys Race 2
https://ca.milesplit.com/meets/364951-cif-southern-section-prelims-2019/results/681053/formatted/,D3 Girls Race 1
https://ca.milesplit.com/meets/364951-cif-southern-section-prelims-2019/results/681055/formatted/,D3 Girls Race 2
https://ca.milesplit.com/meets/364951-cif-southern-section-prelims-2019/results/681139/formatted/,D4 Boys Race 1
https://ca.milesplit.com/meets/364951-cif-southern-section-prelims-2019/results/681140/formatted/,D4 Boys Race 2
https://ca.milesplit.com/meets/364951-cif-southern-section-prelims-2019/results/681108/formatted/,D4 Girls Race 1
https://ca.milesplit.com/meets/364951-cif-southern-section-prelims-2019/results/681109/formatted/,D4 Girls Race 2
https://ca.milesplit.com/meets/364951-cif-southern-section-prelims-2019/results/681105/formatted/,D5 Boys Race 1
https://ca.milesplit.com/meets/364951-cif-southern-section-prelims-2019/results/681106/formatted/,D5 Boys Race 2
https://ca.milesplit.com/meets/364951-cif-southern-section-prelims-2019/results/681107/formatted/,D5 Boys Race 3
https://ca.milesplit.com/meets/364951-cif-southern-section-prelims-2019/results/681103/formatted/,D5 Girls Race 1
https://ca.milesplit.com/meets/364951-cif-southern-section-prelims-2019/results/681104/formatted/,D5 Girls Race 2
https://ca.milesplit.com/meets/365455-seylsyl-championship-2019/results/681008/formatted/,SEYL Results
https://ca.milesplit.com/meets/365455-seylsyl-championship-2019/results/681009/formatted/,SYL Results
https://ca.milesplit.com/meets/365454-sslswyl-championships-2019/results/681010/formatted/,SSL Results
https://ca.milesplit.com/meets/365454-sslswyl-championships-2019/results/681011/formatted/,SWYL Results
https://ca.milesplit.com/meets/370560-century-conference-preview-2019/results/671122/formatted/,Crestview Division
https://ca.milesplit.com/meets/370560-century-conference-preview-2019/results/671124/formatted/,North Hills Division
https://ca.milesplit.com/meets/364948-cif-san-diego-section-finals-2019/results/681352/formatted/,Division 1 Results
https://ca.milesplit.com/meets/364948-cif-san-diego-section-finals-2019/results/681346/formatted/,Division 2 Results
https://ca.milesplit.com/meets/364948-cif-san-diego-section-finals-2019/results/681347/formatted/,Division 3 Results
https://ca.milesplit.com/meets/364948-cif-san-diego-section-finals-2019/results/681348/formatted/,Division 4 Results
https://ca.milesplit.com/meets/364948-cif-san-diego-section-finals-2019/results/681349/formatted/,Division 5 Results
https://ca.milesplit.com/meets/364950-cif-southern-section-finals-2019/results/681343/formatted/,Division 1 Results
https://ca.milesplit.com/meets/364950-cif-southern-section-finals-2019/results/681338/formatted/,Division 2 Results
https://ca.milesplit.com/meets/364950-cif-southern-section-finals-2019/results/681340/formatted/,Division 3 Results
https://ca.milesplit.com/meets/364950-cif-southern-section-finals-2019/results/681341/formatted/,Division 4 Results
https://ca.milesplit.com/meets/364950-cif-southern-section-finals-2019/results/681342/formatted/,Division 5 Results
https://nc.milesplit.com/meets/362549-great-american-cross-country-festival-2019/results/671824/formatted/,1- Boys Race of Champions
https://nc.milesplit.com/meets/362549-great-american-cross-country-festival-2019/results/671823/formatted/,1- Girls Race of Champions
https://nc.milesplit.com/meets/362549-great-american-cross-country-festival-2019/results/671827/formatted/,2- Seeded Boys
https://nc.milesplit.com/meets/362549-great-american-cross-country-festival-2019/results/671828/formatted/,2- Seeded Girls
https://nc.milesplit.com/meets/362549-great-american-cross-country-festival-2019/results/671825/formatted/,Blue Boys
https://nc.milesplit.com/meets/362549-great-american-cross-country-festival-2019/results/671826/formatted/,Blue Girls
https://nc.milesplit.com/meets/362549-great-american-cross-country-festival-2019/results/671829/formatted/,JV Boys 1
https://nc.milesplit.com/meets/362549-great-american-cross-country-festival-2019/results/671845/formatted/,JV Boys 2
https://nc.milesplit.com/meets/362549-great-american-cross-country-festival-2019/results/671830/formatted/,JV Girls
https://nc.milesplit.com/meets/362549-great-american-cross-country-festival-2019/results/671729/formatted/,Red Boys
https://nc.milesplit.com/meets/362549-great-american-cross-country-festival-2019/results/671730/formatted/,Red Girls
https://nc.milesplit.com/meets/362549-great-american-cross-country-festival-2019/results/671732/formatted/,z - College Mens 8K
https://nc.milesplit.com/meets/362549-great-american-cross-country-festival-2019/results/671731/formatted/,z - HBCU Mens 8K
https://nc.milesplit.com/meets/362549-great-american-cross-country-festival-2019/results/671832/formatted/,z- College Women Invite
https://nc.milesplit.com/meets/362549-great-american-cross-country-festival-2019/results/671831/formatted/,z- HBCU Womens
https://ca.milesplit.com/meets/365378-wildfire-invitational-2019/results/673565/formatted/,HS Results
https://ca.milesplit.com/meets/365378-wildfire-invitational-2019/results/673566/formatted/,MS Results
https://ca.milesplit.com/meets/365380-lake-casitas-twilight-invitational-2019/results/674303/formatted/,JV Boys
https://ca.milesplit.com/meets/365380-lake-casitas-twilight-invitational-2019/results/674304/formatted/,JV Girls
https://ca.milesplit.com/meets/365380-lake-casitas-twilight-invitational-2019/results/674306/formatted/,Varsity Boys
https://ca.milesplit.com/meets/365380-lake-casitas-twilight-invitational-2019/results/674308/formatted/,Varsity Girls
https://ca.milesplit.com/meets/365384-clovis-invitational-2019/results/674363/formatted/,a - Varsity Boys Championship
https://ca.milesplit.com/meets/365384-clovis-invitational-2019/results/674379/formatted/,a - Varsity Girls Championship
https://ca.milesplit.com/meets/365384-clovis-invitational-2019/results/674383/formatted/,Frosh/Soph Boys - XL/Lrg
https://ca.milesplit.com/meets/365384-clovis-invitational-2019/results/674368/formatted/,Frosh/Soph Boys Small/Med
https://ca.milesplit.com/meets/365384-clovis-invitational-2019/results/674374/formatted/,Frosh/Soph Girls All Schools
https://ca.milesplit.com/meets/365384-clovis-invitational-2019/results/674373/formatted/,Girls JV All Schools
https://ca.milesplit.com/meets/365384-clovis-invitational-2019/results/674369/formatted/,JV Boys - Small/Med/Lrg
https://ca.milesplit.com/meets/365384-clovis-invitational-2019/results/674372/formatted/,JV Boys XL/Championship
https://ca.milesplit.com/meets/365384-clovis-invitational-2019/results/674365/formatted/,Varsity Boys Large School
https://ca.milesplit.com/meets/365384-clovis-invitational-2019/results/674360/formatted/,Varsity Boys Medium
https://ca.milesplit.com/meets/365384-clovis-invitational-2019/results/674362/formatted/,Varsity Boys Small School
https://ca.milesplit.com/meets/365384-clovis-invitational-2019/results/674364/formatted/,Varsity Boys XL
https://ca.milesplit.com/meets/365384-clovis-invitational-2019/results/674376/formatted/,Varsity Girls Large School
https://ca.milesplit.com/meets/365384-clovis-invitational-2019/results/674382/formatted/,Varsity Girls Medium
https://ca.milesplit.com/meets/365384-clovis-invitational-2019/results/674380/formatted/,Varsity Girls Small School
https://ca.milesplit.com/meets/365384-clovis-invitational-2019/results/674377/formatted/,Varsity Girls XL Schools
https://ny.milesplit.com/meets/364901-manhattan-hs-invitational-2019/results/674239/formatted/,Boys Easterns
https://ny.milesplit.com/meets/364901-manhattan-hs-invitational-2019/results/674476/formatted/,Boys Frosh A
https://ny.milesplit.com/meets/364901-manhattan-hs-invitational-2019/results/674478/formatted/,Boys Frosh B
https://ny.milesplit.com/meets/364901-manhattan-hs-invitational-2019/results/674480/formatted/,Boys Frosh C
https://ny.milesplit.com/meets/364901-manhattan-hs-invitational-2019/results/674482/formatted/,Boys Frosh D
https://ny.milesplit.com/meets/364901-manhattan-hs-invitational-2019/results/674484/formatted/,Boys Frosh E
https://ny.milesplit.com/meets/364901-manhattan-hs-invitational-2019/results/674490/formatted/,Boys JV A
https://ny.milesplit.com/meets/364901-manhattan-hs-invitational-2019/results/674492/formatted/,Boys JV B
https://ny.milesplit.com/meets/364901-manhattan-hs-invitational-2019/results/674494/formatted/,Boys JV C
https://ny.milesplit.com/meets/364901-manhattan-hs-invitational-2019/results/674496/formatted/,Boys JV D
https://ny.milesplit.com/meets/364901-manhattan-hs-invitational-2019/results/674498/formatted/,Boys JV E
https://ny.milesplit.com/meets/364901-manhattan-hs-invitational-2019/results/674485/formatted/,Boys Soph A
https://ny.milesplit.com/meets/364901-manhattan-hs-invitational-2019/results/674486/formatted/,Boys Soph B
https://ny.milesplit.com/meets/364901-manhattan-hs-invitational-2019/results/674487/formatted/,Boys Soph C
https://ny.milesplit.com/meets/364901-manhattan-hs-invitational-2019/results/674254/formatted/,Boys Varsity A
https://ny.milesplit.com/meets/364901-manhattan-hs-invitational-2019/results/674255/formatted/,Boys Varsity B
https://ny.milesplit.com/meets/364901-manhattan-hs-invitational-2019/results/674257/formatted/,Boys Varsity C
https://ny.milesplit.com/meets/364901-manhattan-hs-invitational-2019/results/674259/formatted/,Boys Varsity D
https://ny.milesplit.com/meets/364901-manhattan-hs-invitational-2019/results/674260/formatted/,Boys Varsity E
https://ny.milesplit.com/meets/364901-manhattan-hs-invitational-2019/results/674261/formatted/,Boys Varsity F
https://ny.milesplit.com/meets/364901-manhattan-hs-invitational-2019/results/674263/formatted/,Boys Varsity G
https://ny.milesplit.com/meets/364901-manhattan-hs-invitational-2019/results/674240/formatted/,Girls Easterns
https://ny.milesplit.com/meets/364901-manhattan-hs-invitational-2019/results/674477/formatted/,Girls Frosh A
https://ny.milesplit.com/meets/364901-manhattan-hs-invitational-2019/results/674479/formatted/,Girls Frosh B
https://ny.milesplit.com/meets/364901-manhattan-hs-invitational-2019/results/674481/formatted/,Girls Frosh C
https://ny.milesplit.com/meets/364901-manhattan-hs-invitational-2019/results/674483/formatted/,Girls Frosh D
https://ny.milesplit.com/meets/364901-manhattan-hs-invitational-2019/results/674491/formatted/,Girls JV A
https://ny.milesplit.com/meets/364901-manhattan-hs-invitational-2019/results/674493/formatted/,Girls JV B
https://ny.milesplit.com/meets/364901-manhattan-hs-invitational-2019/results/674495/formatted/,Girls JV C
https://ny.milesplit.com/meets/364901-manhattan-hs-invitational-2019/results/674497/formatted/,Girls JV D
https://ny.milesplit.com/meets/364901-manhattan-hs-invitational-2019/results/674488/formatted/,Girls Soph A
https://ny.milesplit.com/meets/364901-manhattan-hs-invitational-2019/results/674489/formatted/,Girls Soph B
https://ny.milesplit.com/meets/364901-manhattan-hs-invitational-2019/results/674243/formatted/,Girls Varsity A
https://ny.milesplit.com/meets/364901-manhattan-hs-invitational-2019/results/674244/formatted/,Girls Varsity B
https://ny.milesplit.com/meets/364901-manhattan-hs-invitational-2019/results/674245/formatted/,Girls Varsity C
https://ny.milesplit.com/meets/364901-manhattan-hs-invitational-2019/results/674247/formatted/,Girls Varsity D
https://ny.milesplit.com/meets/364901-manhattan-hs-invitational-2019/results/674249/formatted/,Girls Varsity E
https://ny.milesplit.com/meets/364901-manhattan-hs-invitational-2019/results/674250/formatted/,Girls Varsity F
https://wa.milesplit.com/meets/371591-nike-hole-in-the-wall-invitational-2019/results/674067/formatted/,JV/Frosh Results
https://wa.milesplit.com/meets/371591-nike-hole-in-the-wall-invitational-2019/results/677208/formatted/,Varsity Results
https://ca.milesplit.com/meets/372100-camino-del-rey-2-2019/results/675248/formatted/,Camino Real Varsity Results
https://ca.milesplit.com/meets/372100-camino-del-rey-2-2019/results/675246/formatted/,Del Rey Varsity Results
https://ca.milesplit.com/meets/372100-camino-del-rey-2-2019/results/675245/formatted/,JV Results
https://ca.milesplit.com/meets/372100-camino-del-rey-2-2019/results/675247/formatted/,Santa Fe Varsity Results
https://ca.milesplit.com/meets/372146-mission-and-sunshine-league-meet-2-2019/results/675328/formatted/,Complete Results
https://ca.milesplit.com/meets/372146-mission-and-sunshine-league-meet-2-2019/results/675329/formatted/,JV Results
https://ca.milesplit.com/meets/365391-orange-county-championships-2019/results/676785/formatted/,Complete Results
https://ca.milesplit.com/meets/365391-orange-county-championships-2019/results/676562/formatted/,Large School Results
https://ca.milesplit.com/meets/365391-orange-county-championships-2019/results/676560/formatted/,Medium School Results
https://ca.milesplit.com/meets/365391-orange-county-championships-2019/results/676366/formatted/,Small School Results
https://ca.milesplit.com/meets/365405-riverside-invitational-2019/results/678812/formatted/,Division 1 Results
https://ca.milesplit.com/meets/365405-riverside-invitational-2019/results/678827/formatted/,Division 2 Results
https://ca.milesplit.com/meets/365405-riverside-invitational-2019/results/678836/formatted/,Division 3 Results
https://ca.milesplit.com/meets/365403-kit-carson-invitational-2019/results/678363/formatted/,Black Division Results
https://ca.milesplit.com/meets/365403-kit-carson-invitational-2019/results/678360/formatted/,Teal Division Results
https://ca.milesplit.com/meets/364957-mt-sac-invitational-2019/results/678333/formatted/,1 - Boys D3 JV
https://ca.milesplit.com/meets/364957-mt-sac-invitational-2019/results/678356/formatted/,10 - Girls D3 Varsity
https://ca.milesplit.com/meets/364957-mt-sac-invitational-2019/results/678357/formatted/,11 - Boys D4 Freshman
https://ca.milesplit.com/meets/364957-mt-sac-invitational-2019/results/678359/formatted/,12 - Girls D4-D5 Freshman
https://ca.milesplit.com/meets/364957-mt-sac-invitational-2019/results/678362/formatted/,13 - Boys D4 Sophomore
https://ca.milesplit.com/meets/364957-mt-sac-invitational-2019/results/678364/formatted/,14 - Girls D4-D5 Sophomore
https://ca.milesplit.com/meets/364957-mt-sac-invitational-2019/results/678366/formatted/,15 - Boys D5 Freshman
https://ca.milesplit.com/meets/364957-mt-sac-invitational-2019/results/678367/formatted/,16 - Girls D4-D5 JV
https://ca.milesplit.com/meets/364957-mt-sac-invitational-2019/results/678368/formatted/,17 - Boys D4-D5 JV
https://ca.milesplit.com/meets/364957-mt-sac-invitational-2019/results/678372/formatted/,18 - Girls D4 Varsity
https://ca.milesplit.com/meets/364957-mt-sac-invitational-2019/results/678374/formatted/,19 - Boys D5 Sophomore
https://ca.milesplit.com/meets/364957-mt-sac-invitational-2019/results/678446/formatted/,2 - Girls D3 JV
https://ca.milesplit.com/meets/364957-mt-sac-invitational-2019/results/678376/formatted/,20 - Girls D4 Varsity
https://ca.milesplit.com/meets/364957-mt-sac-invitational-2019/results/678377/formatted/,21 - Boys D4 Varsity
https://ca.milesplit.com/meets/364957-mt-sac-invitational-2019/results/678378/formatted/,22 - Girls D5 Varsity
https://ca.milesplit.com/meets/364957-mt-sac-invitational-2019/results/678379/formatted/,23 - Boys D4 Varsity
https://ca.milesplit.com/meets/364957-mt-sac-invitational-2019/results/678380/formatted/,24 - Girls D5 Varsity
https://ca.milesplit.com/meets/364957-mt-sac-invitational-2019/results/678447/formatted/,3 - Boys D3 Freshman
https://ca.milesplit.com/meets/364957-mt-sac-invitational-2019/results/678381/formatted/,30 - Boys D5 Varsity
https://ca.milesplit.com/meets/364957-mt-sac-invitational-2019/results/678382/formatted/,31 - Boys D5 Varsity
https://ca.milesplit.com/meets/364957-mt-sac-invitational-2019/results/678383/formatted/,32 - Boys D5 Varsity
https://ca.milesplit.com/meets/364957-mt-sac-invitational-2019/results/678384/formatted/,33 - Boys D3-D4-D5 JV
https://ca.milesplit.com/meets/364957-mt-sac-invitational-2019/results/678385/formatted/,34 - Girls D3-D4-D5 Freshman
https://ca.milesplit.com/meets/364957-mt-sac-invitational-2019/results/678386/formatted/,35 - Boys D3-D4-D5 Freshman
https://ca.milesplit.com/meets/364957-mt-sac-invitational-2019/results/678387/formatted/,36 - Girls D3-D4-D5 Sophomore
https://ca.milesplit.com/meets/364957-mt-sac-invitational-2019/results/678388/formatted/,37 - Boys D3-D4-D5 Varsity
https://ca.milesplit.com/meets/364957-mt-sac-invitational-2019/results/678389/formatted/,38 - Girls D3-D4-D5 Varsity
https://ca.milesplit.com/meets/364957-mt-sac-invitational-2019/results/678390/formatted/,39 - Boys D3-D4-D5 Sophomore
https://ca.milesplit.com/meets/364957-mt-sac-invitational-2019/results/678339/formatted/,4 - Girls D3 Freshman
https://ca.milesplit.com/meets/364957-mt-sac-invitational-2019/results/678391/formatted/,40 - Girls D3-D4-D5 JV Sweeps
https://ca.milesplit.com/meets/364957-mt-sac-invitational-2019/results/678392/formatted/,41 - Boys D3-D4-D5 JV Sweeps
https://ca.milesplit.com/meets/364957-mt-sac-invitational-2019/results/678393/formatted/,42 - Girls D3-D4-D5 Team Sweeps
https://ca.milesplit.com/meets/364957-mt-sac-invitational-2019/results/678396/formatted/,43 - Boys D3-D4-D5 Team Sweeps
https://ca.milesplit.com/meets/364957-mt-sac-invitational-2019/results/678397/formatted/,44 - Girls D3-D4-D5 Ind Sweeps
https://ca.milesplit.com/meets/364957-mt-sac-invitational-2019/results/678398/formatted/,45 - Boys D3-D4-D5 Ind Sweeps
https://ca.milesplit.com/meets/364957-mt-sac-invitational-2019/results/678439/formatted/,5 - Boys D3 Sophomore
https://ca.milesplit.com/meets/364957-mt-sac-invitational-2019/results/678491/formatted/,51 - Boys D1-D2 Freshman
https://ca.milesplit.com/meets/364957-mt-sac-invitational-2019/results/678494/formatted/,52 - Boys D1-D2 Freshman
https://ca.milesplit.com/meets/364957-mt-sac-invitational-2019/results/678496/formatted/,53 - Girls D1-D2 Freshman
https://ca.milesplit.com/meets/364957-mt-sac-invitational-2019/results/678498/formatted/,54 - Boys D1-D2 Sophomore
https://ca.milesplit.com/meets/364957-mt-sac-invitational-2019/results/678499/formatted/,55 - Boys D1-D2 Sophomore
https://ca.milesplit.com/meets/364957-mt-sac-invitational-2019/results/678500/formatted/,56 - Girls D1-D2 Sophomore
https://ca.milesplit.com/meets/364957-mt-sac-invitational-2019/results/678503/formatted/,57 - Boys D1-D2 JV Sweeps
https://ca.milesplit.com/meets/364957-mt-sac-invitational-2019/results/678505/formatted/,58 - Girls D1-D2 JV Sweeps
https://ca.milesplit.com/meets/364957-mt-sac-invitational-2019/results/678506/formatted/,59 - Boys D1-D2 Ind Sweeps
https://ca.milesplit.com/meets/364957-mt-sac-invitational-2019/results/678341/formatted/,6 - Girls D3 Sophomore
https://ca.milesplit.com/meets/364957-mt-sac-invitational-2019/results/678507/formatted/,60 - Girls D1-D2 Ind Sweeps
https://ca.milesplit.com/meets/364957-mt-sac-invitational-2019/results/678510/formatted/,61 - Boys D1-D2 Team Sweeps
https://ca.milesplit.com/meets/364957-mt-sac-invitational-2019/results/678511/formatted/,62 - Girls D1-D2 Team Sweeps
https://ca.milesplit.com/meets/364957-mt-sac-invitational-2019/results/679005/formatted/,63 - Boys D1-D2 Varsity
https://ca.milesplit.com/meets/364957-mt-sac-invitational-2019/results/679006/formatted/,64 - Girls D1-D2 Varsity
https://ca.milesplit.com/meets/364957-mt-sac-invitational-2019/results/679007/formatted/,65 - Boys D1 JV
https://ca.milesplit.com/meets/364957-mt-sac-invitational-2019/results/679008/formatted/,66 - Girls D1 JV
https://ca.milesplit.com/meets/364957-mt-sac-invitational-2019/results/678344/formatted/,7 - Boys D3 Varsity
https://ca.milesplit.com/meets/364957-mt-sac-invitational-2019/results/679009/formatted/,70 - Boys D1 Varsity
https://ca.milesplit.com/meets/364957-mt-sac-invitational-2019/results/679010/formatted/,71 - Girls D1 Varsity
https://ca.milesplit.com/meets/364957-mt-sac-invitational-2019/results/679011/formatted/,72 - Boys D1 Varsity
https://ca.milesplit.com/meets/364957-mt-sac-invitational-2019/results/679012/formatted/,73 - Girls D1 Varsity
https://ca.milesplit.com/meets/364957-mt-sac-invitational-2019/results/679013/formatted/,74 - Boys D1 Freshman
https://ca.milesplit.com/meets/364957-mt-sac-invitational-2019/results/679014/formatted/,75 - Girls D1 Freshman
https://ca.milesplit.com/meets/364957-mt-sac-invitational-2019/results/679015/formatted/,76 - Boys D1 Sophomore
https://ca.milesplit.com/meets/364957-mt-sac-invitational-2019/results/679016/formatted/,77 - Girls D1 Sophomore
https://ca.milesplit.com/meets/364957-mt-sac-invitational-2019/results/679017/formatted/,78 - Boys D1 JV
https://ca.milesplit.com/meets/364957-mt-sac-invitational-2019/results/679018/formatted/,79 - Girls D1 JV
https://ca.milesplit.com/meets/364957-mt-sac-invitational-2019/results/678346/formatted/,8 - Girls D3 Varsity
https://ca.milesplit.com/meets/364957-mt-sac-invitational-2019/results/679019/formatted/,80 - Girls D2 JV
https://ca.milesplit.com/meets/364957-mt-sac-invitational-2019/results/679020/formatted/,81 - Boys D2 JV
https://ca.milesplit.com/meets/364957-mt-sac-invitational-2019/results/679021/formatted/,81 - Girls D2 Sophomore
https://ca.milesplit.com/meets/364957-mt-sac-invitational-2019/results/679022/formatted/,83 - Boys D2 Sophomore
https://ca.milesplit.com/meets/364957-mt-sac-invitational-2019/results/679023/formatted/,84 - Girls D2 Freshman
https://ca.milesplit.com/meets/364957-mt-sac-invitational-2019/results/679025/formatted/,85 - Boys D2 Freshman
https://ca.milesplit.com/meets/364957-mt-sac-invitational-2019/results/679026/formatted/,86 - Girls D2 Varsity
https://ca.milesplit.com/meets/364957-mt-sac-invitational-2019/results/679027/formatted/,87 - Boys D2 Varsity
https://ca.milesplit.com/meets/364957-mt-sac-invitational-2019/results/679028/formatted/,88 - Girls D2 Varsity
https://ca.milesplit.com/meets/364957-mt-sac-invitational-2019/results/679029/formatted/,89 - Boys D2 Varsity
https://ca.milesplit.com/meets/364957-mt-sac-invitational-2019/results/678355/formatted/,9 - Boys D3 Varsity
https://ca.milesplit.com/meets/364957-mt-sac-invitational-2019/results/679030/formatted/,90 - Girls D2 Varsity
https://ca.milesplit.com/meets/364957-mt-sac-invitational-2019/results/679031/formatted/,91 - Boys D2 Varsity
https://ca.milesplit.com/meets/364957-mt-sac-invitational-2019/results/676210/formatted/,College Results
https://ca.milesplit.com/meets/373185-wbal-2-2019/results/678049/formatted/,Complete Results
https://ca.milesplit.com/meets/373185-wbal-2-2019/results/678050/formatted/,Complete Results
https://ca.milesplit.com/meets/365394-flat-sac-invitational-2019/results/676760/formatted/,Club Boys
https://ca.milesplit.com/meets/365394-flat-sac-invitational-2019/results/676764/formatted/,Club Girls
https://ca.milesplit.com/meets/365394-flat-sac-invitational-2019/results/676739/formatted/,F/S Boys
https://ca.milesplit.com/meets/365394-flat-sac-invitational-2019/results/676741/formatted/,F/S Girls
https://ca.milesplit.com/meets/365394-flat-sac-invitational-2019/results/676729/formatted/,JV Boys
https://ca.milesplit.com/meets/365394-flat-sac-invitational-2019/results/676733/formatted/,JV Girls
https://ca.milesplit.com/meets/365394-flat-sac-invitational-2019/results/676757/formatted/,MS Boys
https://ca.milesplit.com/meets/365394-flat-sac-invitational-2019/results/676762/formatted/,MS Girls
https://ca.milesplit.com/meets/365394-flat-sac-invitational-2019/results/676735/formatted/,Varsity Boys
https://ca.milesplit.com/meets/365394-flat-sac-invitational-2019/results/676737/formatted/,Varsity Girls
https://ca.milesplit.com/meets/373752-academy-lycee-galileo-lincoln-2019/results/679628/formatted/,Complete Results
https://ca.milesplit.com/meets/373752-academy-lycee-galileo-lincoln-2019/results/679629/formatted/,Complete Results
https://ca.milesplit.com/meets/365326-lagoon-valley-classic-2019/results/663062/formatted/,9/10 Boys
https://ca.milesplit.com/meets/365326-lagoon-valley-classic-2019/results/663057/formatted/,9/10 Girls
https://ca.milesplit.com/meets/365326-lagoon-valley-classic-2019/results/663069/formatted/,Boys Varsity - Large School
https://ca.milesplit.com/meets/365326-lagoon-valley-classic-2019/results/663073/formatted/,Boys Varsity - Small School
https://ca.milesplit.com/meets/365326-lagoon-valley-classic-2019/results/663053/formatted/,Frosh Boys
https://ca.milesplit.com/meets/365326-lagoon-valley-classic-2019/results/663065/formatted/,Girls Varsity - Large School
https://ca.milesplit.com/meets/365326-lagoon-valley-classic-2019/results/663067/formatted/,Girls Varsity - Small School
https://ca.milesplit.com/meets/365326-lagoon-valley-classic-2019/results/663125/formatted/,JV Results
https://ca.milesplit.com/meets/365326-lagoon-valley-classic-2019/results/663050/formatted/,MS Boys 1.5 Mile
https://ca.milesplit.com/meets/365326-lagoon-valley-classic-2019/results/663052/formatted/,MS Girls 1.5 Mile
https://ca.milesplit.com/meets/365327-lowell-invitational-2019/results/756339/formatted/,Boys Frosh 1
https://ca.milesplit.com/meets/365327-lowell-invitational-2019/results/756340/formatted/,Boys Frosh 2
https://ca.milesplit.com/meets/365327-lowell-invitational-2019/results/756343/formatted/,Boys JV 1
https://ca.milesplit.com/meets/365327-lowell-invitational-2019/results/756344/formatted/,Boys JV 2
https://ca.milesplit.com/meets/365327-lowell-invitational-2019/results/756342/formatted/,Boys Soph 1
https://ca.milesplit.com/meets/365327-lowell-invitational-2019/results/756341/formatted/,Boys Soph 2
https://ca.milesplit.com/meets/365327-lowell-invitational-2019/results/756345/formatted/,Boys Varsity 2
https://ca.milesplit.com/meets/365327-lowell-invitational-2019/results/663553/formatted/,Complete Results
https://ca.milesplit.com/meets/365327-lowell-invitational-2019/results/756346/formatted/,Girls Frosh/Soph 1
https://ca.milesplit.com/meets/365327-lowell-invitational-2019/results/756347/formatted/,Girls Frosh/Soph 2
https://ca.milesplit.com/meets/365327-lowell-invitational-2019/results/756348/formatted/,Girls JV
https://ca.milesplit.com/meets/365327-lowell-invitational-2019/results/756349/formatted/,Girls Varsity 1
https://ca.milesplit.com/meets/365327-lowell-invitational-2019/results/756350/formatted/,Girls Varsity 2
https://ca.milesplit.com/meets/367464-cool-breeze-evening-invitational-2019/results/663758/formatted/,Boys Elites
https://ca.milesplit.com/meets/367464-cool-breeze-evening-invitational-2019/results/663756/formatted/,Boys Frosh Large Schools
https://ca.milesplit.com/meets/367464-cool-breeze-evening-invitational-2019/results/663761/formatted/,Boys Frosh Small Schools
https://ca.milesplit.com/meets/367464-cool-breeze-evening-invitational-2019/results/663755/formatted/,Boys JV Large Schools
https://ca.milesplit.com/meets/367464-cool-breeze-evening-invitational-2019/results/663759/formatted/,Boys JV Small Schools
https://ca.milesplit.com/meets/367464-cool-breeze-evening-invitational-2019/results/663754/formatted/,Boys Soph Large Schools
https://ca.milesplit.com/meets/367464-cool-breeze-evening-invitational-2019/results/663760/formatted/,Boys Soph Small Schools
https://ca.milesplit.com/meets/367464-cool-breeze-evening-invitational-2019/results/663757/formatted/,Boys Varsity Large Schools
https://ca.milesplit.com/meets/367464-cool-breeze-evening-invitational-2019/results/663762/formatted/,Boys Varsity Small Schools
https://ca.milesplit.com/meets/367464-cool-breeze-evening-invitational-2019/results/663764/formatted/,Girls Elites
https://ca.milesplit.com/meets/367464-cool-breeze-evening-invitational-2019/results/663765/formatted/,Girls Frosh/Soph Large Schools
https://ca.milesplit.com/meets/367464-cool-breeze-evening-invitational-2019/results/663768/formatted/,Girls Frosh/Soph Small Schools
https://ca.milesplit.com/meets/367464-cool-breeze-evening-invitational-2019/results/663766/formatted/,Girls JV Large Schools
https://ca.milesplit.com/meets/367464-cool-breeze-evening-invitational-2019/results/663767/formatted/,Girls JV Small Schools
https://ca.milesplit.com/meets/367464-cool-breeze-evening-invitational-2019/results/663763/formatted/,Girls Varsity Large Schools
https://ca.milesplit.com/meets/367464-cool-breeze-evening-invitational-2019/results/663769/formatted/,Girls Varsity Small Schools
https://ca.milesplit.com/meets/367491-hickey-park-open-2019/results/665082/formatted/,High School Results
https://ca.milesplit.com/meets/367491-hickey-park-open-2019/results/665081/formatted/,Middle School Results
https://ut.milesplit.com/meets/362766-byu-autumn-classic-2019/results/665627/formatted/,College Results
https://ut.milesplit.com/meets/362766-byu-autumn-classic-2019/results/665027/formatted/,Frosh/Soph Boys
https://ut.milesplit.com/meets/362766-byu-autumn-classic-2019/results/665055/formatted/,Frosh/Soph Girls
https://ut.milesplit.com/meets/362766-byu-autumn-classic-2019/results/665083/formatted/,JV Boys
https://ut.milesplit.com/meets/362766-byu-autumn-classic-2019/results/665090/formatted/,JV Girls
https://ut.milesplit.com/meets/362766-byu-autumn-classic-2019/results/665063/formatted/,Varsity Boys
https://ut.milesplit.com/meets/362766-byu-autumn-classic-2019/results/665075/formatted/,Varsity Girls
https://ca.milesplit.com/meets/365336-grant-nunnally-invitational-2019/results/665700/formatted/,High School Results
https://ca.milesplit.com/meets/365336-grant-nunnally-invitational-2019/results/665701/formatted/,High School Results
https://ca.milesplit.com/meets/365336-grant-nunnally-invitational-2019/results/665699/formatted/,Middle School Results
https://ca.milesplit.com/meets/367495-kim-duyst-cross-country-invitational-2019/results/665717/formatted/,College Results
https://ca.milesplit.com/meets/367495-kim-duyst-cross-country-invitational-2019/results/665718/formatted/,High School Results
https://or.milesplit.com/meets/368108-northwest-classic-2019/results/665665/formatted/,High School Results
https://or.milesplit.com/meets/368108-northwest-classic-2019/results/665664/formatted/,Middle School Results
https://nv.milesplit.com/meets/368574-north-tahoe-kiwanis-mountain-motivational-invitational-2019/results/665077/formatted/,High School Results
https://nv.milesplit.com/meets/368574-north-tahoe-kiwanis-mountain-motivational-invitational-2019/results/665070/formatted/,Middle School Results
https://ca.milesplit.com/meets/365333-yreka-xc-challenge-2019/results/664618/formatted/,Elementary Results
https://ca.milesplit.com/meets/365333-yreka-xc-challenge-2019/results/664616/formatted/,HS Results
https://ca.milesplit.com/meets/365333-yreka-xc-challenge-2019/results/664617/formatted/,MS Results
https://ca.milesplit.com/meets/368548-burroughs-ridgecrest-invite-2019/results/664723/formatted/,JV Girls
https://ca.milesplit.com/meets/368548-burroughs-ridgecrest-invite-2019/results/664725/formatted/,Varsity Boys
https://ca.milesplit.com/meets/368548-burroughs-ridgecrest-invite-2019/results/664724/formatted/,Varsity Girls
https://ca.milesplit.com/meets/368547-mission-valley-league-meet-1-2019/results/664720/formatted/,Freshman/Sophomore Boys
https://ca.milesplit.com/meets/368547-mission-valley-league-meet-1-2019/results/664716/formatted/,JV Boys
https://ca.milesplit.com/meets/368547-mission-valley-league-meet-1-2019/results/664719/formatted/,JV Girls
https://ca.milesplit.com/meets/368547-mission-valley-league-meet-1-2019/results/664717/formatted/,Varsity Boys
https://ca.milesplit.com/meets/368547-mission-valley-league-meet-1-2019/results/664718/formatted/,Varsity Girls
https://ca.milesplit.com/meets/369138-cross-valley-league-xc-meet-2-ace-2019/results/666687/formatted/,High School Complete
https://ca.milesplit.com/meets/369138-cross-valley-league-xc-meet-2-ace-2019/results/666686/formatted/,Middle School Complete
https://ca.milesplit.com/meets/365350-mt-carmel-xc-invitational-2019/results/667808/formatted/,Division 1 Results
https://ca.milesplit.com/meets/365350-mt-carmel-xc-invitational-2019/results/667809/formatted/,Division 2 Results
https://ca.milesplit.com/meets/365344-hanford-invitational-2019/results/667192/formatted/,High School Results
https://ca.milesplit.com/meets/365344-hanford-invitational-2019/results/667654/formatted/,MS Results
https://ca.milesplit.com/meets/365348-woodbridge-cross-country-classic-2019/results/667906/formatted/,Blue Races
https://ca.milesplit.com/meets/365348-woodbridge-cross-country-classic-2019/results/667892/formatted/,Featured Races
https://ca.milesplit.com/meets/365348-woodbridge-cross-country-classic-2019/results/667907/formatted/,Gold Races
https://ca.milesplit.com/meets/365348-woodbridge-cross-country-classic-2019/results/667427/formatted/,Red Races
https://ca.milesplit.com/meets/365348-woodbridge-cross-country-classic-2019/results/667893/formatted/,White Races
https://az.milesplit.com/meets/362847-nike-desert-twilight-festival-2019/results/670089/formatted/,Elite Races
https://az.milesplit.com/meets/362847-nike-desert-twilight-festival-2019/results/670134/formatted/,Large School
https://az.milesplit.com/meets/362847-nike-desert-twilight-festival-2019/results/670087/formatted/,MS Results
https://az.milesplit.com/meets/362847-nike-desert-twilight-festival-2019/results/670136/formatted/,Small School
https://ca.milesplit.com/meets/367541-camino-del-rey-association-2019/results/668776/formatted/,JV Results
https://ca.milesplit.com/meets/367541-camino-del-rey-association-2019/results/668779/formatted/,Varsity Camino Real Division
https://ca.milesplit.com/meets/367541-camino-del-rey-association-2019/results/668782/formatted/,Varsity Del Rey Division
https://ca.milesplit.com/meets/367541-camino-del-rey-association-2019/results/668777/formatted/,Varsity Santa Fe Division
https://ca.milesplit.com/meets/365359-capital-cross-challenge-2019/results/670536/formatted/,College Results
https://ca.milesplit.com/meets/365359-capital-cross-challenge-2019/results/670207/formatted/,High School Results
https://ca.milesplit.com/meets/365359-capital-cross-challenge-2019/results/670208/formatted/,Middle School Results
https://ca.milesplit.com/meets/365302-colton-swarm-invitational-2019/results/661696/formatted/,Boys 3 Miles
https://ca.milesplit.com/meets/365302-colton-swarm-invitational-2019/results/661698/formatted/,Girls 3 Mile
https://ca.milesplit.com/meets/365304-fastback-shootout-2019/results/661731/formatted/,Boys Freshman
https://ca.milesplit.com/meets/365304-fastback-shootout-2019/results/661693/formatted/,Boys Junior
https://ca.milesplit.com/meets/365304-fastback-shootout-2019/results/661689/formatted/,Boys Senior
https://ca.milesplit.com/meets/365304-fastback-shootout-2019/results/661695/formatted/,Boys Sophomore
https://ca.milesplit.com/meets/365304-fastback-shootout-2019/results/661732/formatted/,Girls Freshman
https://ca.milesplit.com/meets/365304-fastback-shootout-2019/results/661691/formatted/,Girls Junior
https://ca.milesplit.com/meets/365304-fastback-shootout-2019/results/661687/formatted/,Girls Senior
https://ca.milesplit.com/meets/365304-fastback-shootout-2019/results/661694/formatted/,Girls Sophomore
https://www.milesplit.com/meets/363704-roy-griak-invitational-2019/results/669966/formatted/,Boys Gold
https://www.milesplit.com/meets/363704-roy-griak-invitational-2019/results/669967/formatted/,Boys Maroon
https://www.milesplit.com/meets/363704-roy-griak-invitational-2019/results/670352/formatted/,College Results
https://www.milesplit.com/meets/363704-roy-griak-invitational-2019/results/669968/formatted/,Girls Gold
https://www.milesplit.com/meets/363704-roy-griak-invitational-2019/results/669969/formatted/,Girls Maroon
https://www.milesplit.com/meets/363704-roy-griak-invitational-2019/results/669973/formatted/,Mens Gold
https://www.milesplit.com/meets/363704-roy-griak-invitational-2019/results/669972/formatted/,Mens Maroon
https://www.milesplit.com/meets/363704-roy-griak-invitational-2019/results/669974/formatted/,Women's Gold
https://www.milesplit.com/meets/363704-roy-griak-invitational-2019/results/669975/formatted/,Women's Maroon
https://www.milesplit.com/meets/364932-2019-world-para-athletics-junior-championships-2019/results/659734/formatted/,Day 1 Results
https://www.milesplit.com/meets/364932-2019-world-para-athletics-junior-championships-2019/results/659740/formatted/,Day 2 Results
https://www.milesplit.com/meets/364932-2019-world-para-athletics-junior-championships-2019/results/659746/formatted/,Day 3 Results
https://ca.milesplit.com/meets/365360-dana-hills-invitational-2019/results/670180/formatted/,Division 1 Results
https://ca.milesplit.com/meets/365360-dana-hills-invitational-2019/results/670179/formatted/,Division 2 Results
https://ca.milesplit.com/meets/365360-dana-hills-invitational-2019/results/669996/formatted/,Division 3 Results
https://or.milesplit.com/meets/365141-nike-portland-xc-invite-2019/results/670172/formatted/,JV Results
https://or.milesplit.com/meets/365141-nike-portland-xc-invite-2019/results/670085/formatted/,Varsity Results
https://ca.milesplit.com/meets/367785-the-masters-university-xc-invitational-2019/results/669962/formatted/,College Results
https://ca.milesplit.com/meets/367785-the-masters-university-xc-invitational-2019/results/669954/formatted/,High School Results
